page,title,tuneid,popularity,Number
1,Drowsy Maggie,27,4932,0
1,The Kesh,55,4463,1
1,The Butterfly,10,3862,2
1,Cooley’s,1,3798,3
1,Morrison’s,71,3417,4
1,The Silver Spear,182,2947,5
1,The Maid Behind The Bar,64,2852,6
1,The Banshee,8,2711,7
1,Banish Misfortune,9,2585,8
1,The Wind That Shakes The Barley,116,2471,9
2,Tam Lin,248,2364,10
2,Out On The Ocean,108,2341,11
2,The Connaughtman’s Rambles,19,2104,12
2,The Rights Of Man,83,2089,13
2,The Musical Priest,73,2076,14
2,The Harvest Home,49,2021,15
2,King Of The Fairies,475,2001,16
2,The Gravel Walks,42,1996,17
2,The Kid On The Mountain,52,1989,18
2,The Mason’s Apron,74,1974,19
3,The Blarney Pilgrim,5,1911,20
3,The Sally Gardens,98,1826,21
3,The Mountain Road,68,1685,22
3,The Swallowtail,106,1682,23
3,Saint Anne’s,103,1677,24
3,Sí Beag Sí Mór,449,1660,25
3,The Lark In The Morning,62,1655,26
3,The Lilting Banshee,60,1633,27
3,The Boys Of Bluehill,651,1597,28
3,The Star Of Munster,197,1579,29
4,Calliope House,15,1568,30
4,The Morning Dew,69,1560,31
4,The Cliffs Of Moher,12,1551,32
4,The Merry Blacksmith,72,1544,33
4,The Cup Of Tea,20,1523,34
4,The Bucks Of Oranmore,2,1515,35
4,The Congress,208,1499,36
4,Toss The Feathers,113,1477,37
4,Off To California,30,1450,38
4,The Irish Washerwoman,92,1443,39
5,Tripping Up The Stairs,111,1436,40
5,The Wise Maid,118,1369,41
5,Inisheer,211,1364,42
5,Miss McLeod’s,75,1334,43
5,The Pigeon On The Gate,517,1331,44
5,John Ryan’s,441,1309,45
5,The Road To Lisdoonvarna,250,1302,46
5,The Blackthorn Stick,702,1262,47
5,My Darling Asleep,76,1236,48
5,The Red Haired Boy,566,1226,49
6,A Fig For A Kiss,750,1222,50
6,Haste To The Wedding,582,1157,51
6,Julia Delaney’s,589,1151,52
6,The Britches Full Of Stitches,1075,1148,53
6,The Earl’s Chair,221,1147,54
6,The Rocky Road To Dublin,593,1142,55
6,Merrily Kissed The Quaker,70,1136,56
6,The Humours Of Tulla,141,1129,57
6,Brenda Stubbert’s,727,1119,58
6,Jimmy Ward’s,793,1115,59
7,The Dusty Windowsills,29,1092,60
7,The Mist On The Mountain,256,1090,61
7,The Foxhunter,511,1087,62
7,Farewell To Erin,33,1083,63
7,Toss The Feathers,138,1057,64
7,The Monaghan,67,1055,65
7,The Kerry,39,1052,66
7,The Ships Are Sailing,543,1050,67
7,Saddle The Pony,307,1045,68
7,The Atholl Highlanders,107,1027,69
8,The Foxhunter’s,482,1007,70
8,The Jig Of Slurs,35,1002,71
8,Garrett Barry’s,544,1002,72
8,The Otter’s Holt,636,999,73
8,The Man Of The House,222,993,74
8,Rakish Paddy,86,992,75
8,Give Me Your Hand,454,988,76
8,The Sligo Maid,399,978,77
8,The Teetotallers,114,976,78
8,The Rose In The Heather,447,973,79
9,The Dunmore Lasses,462,972,80
9,Castle Kelly,21,971,81
9,Rolling In The Ryegrass,87,944,82
9,Donnybrook Fair,26,939,83
9,Macleod’s Farewell,518,938,84
9,Over The Moor To Maggie,115,933,85
9,The Rambling Pitchfork,89,925,86
9,The Tarbolton,560,911,87
9,Ashokan Farewell,4997,909,88
9,The Swallow’s Tail,105,899,89
10,Sporting Paddy,430,899,90
10,The Maid Of Mount Kisco,432,899,91
10,The Glass Of Beer,188,895,92
10,The Ashplant,726,895,93
10,The Concertina,18,888,94
10,Music For A Found Harmonium,346,880,95
10,The Tenpenny Bit,109,876,96
10,The Geese In The Bog,43,872,97
10,Greig’s Pipes,605,855,98
10,The Salamanca,99,844,99
11,Jenny’s Chickens,756,837,100
11,The Humours Of Trim,88,810,101
11,The Fermoy Lasses,219,799,102
11,The Star Of The County Down,4320,798,103
11,The South Wind,601,796,104
11,Catharsis,703,790,105
11,Fanny Power,957,786,106
11,The Flowers Of Edinburgh,2549,777,107
11,The High,44,775,108
11,Christmas Eve,440,766,109
12,The Rakes Of Kildare,84,764,110
12,Crested Hens,562,762,111
12,Tobin’s Favourite,308,760,112
12,Whiskey Before Breakfast,602,759,113
12,Planxty Irwin,790,751,114
12,The Drunken Landlady,363,750,115
12,The Hag At The Churn,829,748,116
12,The Kerfunten,139,746,117
12,The Humours Of Ballyloughlin,210,746,118
12,The Roaring Barmaid,91,742,119
13,The Old Copperplate,410,742,120
13,The Humours Of Glendart,45,735,121
13,The Frost Is All Over,448,733,122
13,The Tar Road To Sligo,151,731,123
13,Denis Murphy’s,357,723,124
13,Sliabh Russell,335,722,125
13,Frank’s,646,716,126
13,Hector The Hero,1292,716,127
13,Spootiskerry,857,707,128
13,Farewell To Whalley Range,2410,706,129
14,The Sailor’s Bonnet,570,705,130
14,O’Keefe’s,53,704,131
14,The Ballydesmond,238,699,132
14,The Battering Ram,382,695,133
14,Gallagher’s Frolics,160,686,134
14,The Road To Errogie,5270,686,135
14,The Abbey,477,685,136
14,Carolan’s Concerto,788,678,137
14,The Trip To Durrow,891,673,138
14,The Pipe On The Hob,81,670,139
15,Willie Coleman’s,476,668,140
15,An Phis Fhliuch,879,666,141
15,The Glen Of Aherlow,496,659,142
15,Maggie In The Woods,291,658,143
15,The Old Bush,1499,658,144
15,Chief O’Neill’s Favourite,13,654,145
15,MacArthur Road,2221,653,146
15,The Boys Of Malin,11,652,147
15,The Golden Keyboard,36,650,148
15,Father Kelly’s,791,647,149
16,Dinkey’s,24,641,150
16,The Silver Spire,240,638,151
16,The Drops Of Brandy,388,633,152
16,Miss Monaghan,471,632,153
16,I Buried My Wife And Danced On Her Grave,383,627,154
16,The Old Favourite,56,626,155
16,Tommy Peoples’,192,617,156
16,The Frieze Breeches,34,609,157
16,Apples In Winter,299,609,158
16,The Bird In The Bush,629,609,159
17,The Rakes Of Mallow,85,606,160
17,The Maids Of Mitchelstown,120,603,161
17,The Strayaway Child,134,603,162
17,Brian Boru’s March,271,603,163
17,"Old Hag, You Have Killed Me",1359,601,164
17,Swinging On The Gate,236,599,165
17,The Woman Of The House,321,597,166
17,My Love Is In America,77,594,167
17,The Snowy Path,104,594,168
17,The Foggy Dew,2516,592,169
18,Carolan’s Welcome,1055,589,170
18,The Home Ruler,310,587,171
18,The Morning Star,828,587,172
18,Josefin’s,1016,587,173
18,Soldier’s Joy,1356,584,174
18,The Trip To Pakistan,112,581,175
18,The Ships In Full Sail,261,578,176
18,The Fairy Dance,424,577,177
18,Hardiman The Fiddler,48,575,178
18,Dr. Gilbert’s,129,572,179
19,The Banks Of Lough Gowna,775,571,180
19,The Virginia,812,569,181
19,The Cat’s Meow,342,568,182
19,The Lads Of Laois,58,566,183
19,George White’s Favorite,718,566,184
19,The Road To Lisdoonvarna,249,564,185
19,The Reconciliation,1977,563,186
19,Dick Gossip’s,408,559,187
19,The Cock And The Hen,93,558,188
19,Scatter The Mud,728,555,189
20,Lucy Campbell’s,1552,555,190
20,Behind The Haystack,358,550,191
20,The Mug Of Brown Ale,888,550,192
20,The Black Rogue,1076,550,193
20,The Moving Cloud,1091,548,194
20,After The Battle Of Aughrim,1308,546,195
20,Bill Sullivan’s,481,544,196
20,Maudabawn Chapel,302,541,197
20,Father O’Flynn,1080,540,198
20,The Killarney Boys Of Pleasure,733,538,199
21,The Mouth Of The Tobique,423,534,200
21,The Flogging,195,531,201
21,The Bank Of Ireland,320,529,202
21,The Leitrim Fancy,467,529,203
21,Cronin’s,478,528,204
21,The Coleraine,17,522,205
21,Smash The Windows,101,522,206
21,The Lochaber Badger,5758,520,207
21,The Hag With The Money,351,517,208
21,The Rolling Waves,515,515,209
22,The Galway Rambler,634,514,210
22,The Green Mountain,166,513,211
22,The Clumsy Lover,16,510,212
22,The Trip To Sligo,397,507,213
22,Last Night’s Fun,63,505,214
22,The Devil’s Dream,259,503,215
22,Speed The Plough,901,499,216
22,The Hunter’s House,472,498,217
22,Langstrom’s Pony,61,497,218
22,Fred Finn’s,452,496,219
23,The New Copperplate,887,490,220
23,The Dawning Of The Day,1441,490,221
23,Beare Island,696,487,222
23,The Dublin,384,486,223
23,The Star Above The Garter,1398,484,224
23,The Castle,273,482,225
23,Lord Mayo,638,482,226
23,The Dark Island,4906,481,227
23,The Green Fields Of Rossbeigh,322,479,228
23,The White Petticoat,332,479,229
24,The Scholar,94,478,230
24,The Killavil,667,478,231
24,The Green Groves Of Erin,41,476,232
24,Rolling In The Barrel,500,476,233
24,Good Morning To Your Nightcap,513,476,234
24,The Carraroe,771,476,235
24,Paddy Fahey’s,150,475,236
24,The Ballydesmond,239,475,237
24,The Boys Of The Lough,343,475,238
24,The Mooncoin,206,472,239
25,The Gold Ring,37,469,240
25,Fisher’s,872,468,241
25,Bonaparte Crossing The Rhine,7,467,242
25,Denis Murphy’s,159,466,243
25,Coppers And Brass,228,466,244
25,Give Us A Drink Of Water,635,462,245
25,The Longford Collector,563,459,246
25,The Boyne Hunt,142,458,247
25,Stan Chapman’s,324,458,248
25,The Galway,38,454,249
26,The Cook In The Kitchen,808,452,250
26,The Humours Of Whiskey,46,451,251
26,Master Crowley’s,281,450,252
26,The Bag Of Spuds,579,450,253
26,Whelan’s,1447,450,254
26,Tatter Jack Walsh,1638,449,255
26,O’Sullivan’s March,2204,447,256
26,Come West Along The Road,474,446,257
26,The Humours Of Tullycrine,980,445,258
26,The Dingle Regatta,23,443,259
27,The Roscommon,637,442,260
27,Martin Wynne’s,359,441,261
27,The Reel Of Rio,575,438,262
27,The Belfast,4,437,263
27,Lanigan’s Ball,264,437,264
27,The High Road To Linton,1118,437,265
27,Jackie Coleman’s,50,432,266
27,Kitty’s Wedding,869,431,267
27,Paddy Ryan’s Dream,79,430,268
27,The Hunter’s Purse,283,430,269
28,Farrel O’Gara’s,234,429,270
28,The Crooked Road To Dublin,227,428,271
28,The Broken Pledge,1423,427,272
28,Drag Her Round The Road,1148,426,273
28,The Gander In The Pratie Hole,401,424,274
28,Music In The Glen,303,423,275
28,Da New Rigged Ship,880,423,276
28,Sweeny’s Buttermilk,556,421,277
28,The Blackberry Blossom,1365,414,278
28,Tuttle’s,528,413,279
29,Maggie’s Pancakes,1316,413,280
29,The Curlew,174,412,281
29,Jenny’s Welcome To Charlie,370,410,282
29,The Primrose Lasses,789,409,283
29,The Blackbird,1104,409,284
29,Far From Home,1164,408,285
29,Bonnie Kate,754,406,286
29,Farewell To Ireland,4403,406,287
29,Lady Anne Montgomery,59,404,288
29,Within A Mile Of Dublin,125,403,289
30,The Plains Of Boyle,652,403,290
30,I’ll Tell Me Ma,2434,403,291
30,Seán Sa Cheo,177,401,292
30,The Walls Of Liscarrol,232,401,293
30,Jenny Dang The Weaver,380,399,294
30,Devanny’s Goat,2881,395,295
30,The Providence,376,394,296
30,Down The Broom,514,394,297
30,Rip The Calico,719,392,298
30,Paddy O’Rafferty,741,392,299
31,Spórt,870,392,300
31,Pressed For Time,2589,392,301
31,The Bag Of Spuds,391,391,302
31,The Peeler’s Jacket,1343,390,303
31,The Haunted House,1098,389,304
31,Carolan’s Draught,1421,389,305
31,The Porthole Of The Kelp,263,388,306
31,Farewell To Chernobyl,767,388,307
31,The Butlers Of Glen Avenue,820,388,308
31,The College Groves,1272,387,309
32,Reel Beatrice,483,386,310
32,The Trip To Athlone,1301,386,311
32,Off She Goes,1133,385,312
32,Pachelbel’s Frolics,487,383,313
32,Up Sligo,537,383,314
32,Sonny’s,5476,383,315
32,The Contradiction,196,382,316
32,Paddy Fahey’s,463,382,317
32,The Chicago,840,382,318
32,Martin Wynne’s,347,381,319
33,The Jolly Tinker,1754,375,320
33,Midnight On The Water,5020,375,321
33,The Lonesome Boatman,6195,375,322
33,The Monaghan Twig,1070,374,323
33,Staten Island,1285,374,324
33,Elizabeth Kelly’s Delight,953,373,325
33,The Laurel Tree,883,372,326
33,Colonel Fraser’s,1209,372,327
33,The Red-haired Lass,1716,372,328
33,Niel Gow’s Lament For His Second Wife,1892,372,329
34,The Holly Bush,1566,371,330
34,Dowd’s Favourite,229,367,331
34,The Tap Room,711,367,332
34,Ramnee Ceilidh,2639,367,333
34,The Eavesdropper,389,366,334
34,The Old Maids Of Galway,976,366,335
34,Tell Her I Am,161,365,336
34,Lad O’Beirne’s,406,363,337
34,Dinny Delaney’s,185,362,338
34,The Flowers Of Red Hill,442,361,339
35,The Cameronian,284,361,340
35,Ievan’s Polkka,418,360,341
35,The Donegal,1621,360,342
35,The High Drive,4428,358,343
35,The Boys Of Ballisodare,535,356,344
35,Munster Buttermilk,1077,355,345
35,Da Slockit Light,1863,355,346
35,I Buried My Wife And Danced On Her Grave,381,354,347
35,The Drunken Sailor’s,553,354,348
35,The Guns Of The Magnificent Seven,40,353,349
36,The Humours Of Lissadell,649,353,350
36,March Of The Kings Of Laois,835,353,351
36,Christy Barry’s,843,353,352
36,King Of The Pipers,54,351,353
36,Na Ceannabhain Bhana,612,351,354
36,The Templehouse,827,351,355
36,Planxty Hewlett,1468,351,356
36,Tom Billy’s,816,350,357
36,Pull The Knife And Stick It Again,398,349,358
36,Dever The Dancer,148,348,359
37,The Rainy Day,1807,348,360
37,Splendid Isolation,200,347,361
37,The Miller’s Maggot,333,347,362
37,The Lark In The Morning,1578,347,363
37,Londonderry Air,6867,347,364
37,The Bohola,414,345,365
37,The Green Fields Of America,695,345,366
37,Mairi’s Wedding,706,344,367
37,O’Rourke’s,90,343,368
37,Mayor Harrison’s Fedora,367,342,369
38,The Shaskeen,615,342,370
38,The Boys Of Ballisodare,1340,342,371
38,Margaret’s,1678,342,372
38,Eleanor Plunkett,2575,342,373
38,The Belles Of Tipperary,769,341,374
38,The Jug Of Punch,594,340,375
38,Saint Patrick’s Day,385,338,376
38,The Knotted Cord,921,336,377
38,Kitty Lie Over,948,336,378
38,Jerry’s Beaver Hat,319,334,379
39,The Floating Crowbar,457,334,380
39,The Last Pint,223,333,381
39,Health To The Ladies,327,333,382
39,The Torn Jacket,350,333,383
39,Sleepy Maggie,787,333,384
39,The Wizard’s Walk,885,333,385
39,The Trip To Herve’s,1026,333,386
39,Bunker Hill,207,332,387
39,The Nine Points Of Roguery,429,328,388
39,The Spike Island Lasses,737,326,389
40,The Road To Glountane,1615,326,390
40,The Heather Breeze,411,325,391
40,Callaghan’s,724,324,392
40,The New Mown Meadows,2706,324,393
40,The Skylark,632,323,394
40,West Clare,999,323,395
40,The Pipe On The Hob,1049,323,396
40,The Yellow Tinker,1554,322,397
40,The Stack Of Barley,2224,322,398
40,Trim The Velvet,1142,321,399
41,Arthur Darley’s,417,320,400
41,The Liverpool,1500,320,401
41,Cherish The Ladies,590,319,402
41,Dowd’s No. 9,761,319,403
41,Poll Ha’Penny,841,319,404
41,The Arran Boat,986,319,405
41,Paddy’s Trip To Scotland,1303,319,406
41,The Devil In The Kitchen,1746,319,407
41,Boil The Breakfast Early,3,318,408
41,The Orphan,217,318,409
42,Jean’s,255,318,410
42,She Moved Through The Fair,4735,318,411
42,Mulqueen’s,66,316,412
42,Eileen Curran,132,316,413
42,The Steampacket,690,316,414
42,The Cordal,864,316,415
42,Big John McNeil,1002,316,416
42,Far Away,187,315,417
42,Barrowburn,705,315,418
42,The Rattlin’ Bog,583,314,419
43,The Wandering Minstrel,2025,313,420
43,The Famous Ballymote,390,312,421
43,The Boys Of The Town,1035,312,422
43,Sheehan’s,1178,311,423
43,Scotch Mary,96,310,424
43,The Longford Tinker,369,310,425
43,Her Long Dark Hair Flowing Down Her Back,1263,309,426
43,The Traveller,143,308,427
43,Return From Fingal,851,308,428
43,Da Full Rigged Ship,878,308,429
44,The Eel In The Sink,1446,308,430
44,The Peacock’s Feathers,663,307,431
44,Terry ‘Cuz’ Teehan’s,444,306,432
44,The Hag At The Spinning Wheel,2254,306,433
44,The Old Blackthorn,720,304,434
44,Jenny’s Wedding,1347,304,435
44,McFadden’s Handsome Daughter,1581,304,436
44,Crowley’s,759,303,437
44,The Ale Is Dear,866,303,438
44,Cock O’ The North,1218,303,439
45,The Sleeping Tune,7425,303,440
45,The Three Sea Captains,147,302,441
45,The Duke Of Leinster,1385,301,442
45,Drummond Castle,2540,300,443
45,The Pride Of Petravore,82,299,444
45,Lord Inchiquin,991,299,445
45,The Seven Step,1307,299,446
45,The Legacy,2259,299,447
45,Going To The Well For Water,455,298,448
45,Amhrán Na Leabhar,814,298,449
46,The Wild Irishman,1027,298,450
46,The Sailor’s Wife,3140,298,451
46,The Pinch Of Snuff,591,297,452
46,Spancil Hill,1559,297,453
46,The Colliers’,2154,297,454
46,The Swaggering Jig,661,296,455
46,Planxty George Brabazon,1609,296,456
46,Sixpenny Money,387,294,457
46,The Green Fields Of Glentown,671,294,458
46,Jump At The Sun,736,293,459
47,The Lady On The Island,938,293,460
47,The Cape Breton Fiddlers’ Society’s Welcome To The Shetland Islands,1048,293,461
47,Willafjord,292,291,462
47,Andy Renwick’s Ferret,439,291,463
47,Jenny Picking Cockles,1357,291,464
47,Calum’s Road,3016,291,465
47,The Skye Boat Song,3690,291,466
47,"This Is My Love, Do You Like Her?",6,290,467
47,The Golden Eagle,974,290,468
47,Comb Your Hair And Curl It,1030,290,469
48,Farewell To Whiskey,1529,290,470
48,Brian O’Lynn,830,289,471
48,The Pigtown Fling,80,288,472
48,Siobhan O’Donnell’s,729,288,473
48,The Banshee’s Wail Over The Mangle Pit,131,287,474
48,Aaron’s Key,2266,287,475
48,Bang Your Frog On The Sofa,371,286,476
48,Farewell To Connaught,981,286,477
48,Ar Éirinn Ní Neosfainn Cé Hí,1039,286,478
48,The Yellow Heifer,344,285,479
49,The Shetland Fiddler,97,283,480
49,Rathlin Island,874,283,481
49,Tommy’s Tarbukas,140,282,482
49,The Crock Of Gold,433,282,483
49,The Laird Of Drumblair,170,281,484
49,Patsy Geary’s,325,281,485
49,Tommy Peoples’,1100,281,486
49,Sean Reid’s,2249,281,487
49,Farewell To Uist,8085,281,488
49,The Tailor’s Twist,996,280,489
50,Molly Ban,1637,279,490
50,Alexander’s,666,278,491
50,Kiss The Maid Behind The Barrel,676,278,492
50,The Hare’s Paw,1462,278,493
50,Chanter’s Song,2082,278,494
50,Seanamhac Tube Station,280,277,495
50,The Maid On The Green,1831,277,496
50,The Scotsman Over The Border,548,276,497
50,The Old Gray Goose,241,275,498
50,The Humours Of Ballyconnell,1428,274,499
51,The Sailor On The Rock,765,273,500
51,Tha Mi Sgith,647,272,501
51,Palmer’s Gate,1020,272,502
51,Madame Bonaparte,2344,272,503
51,Across The Black River,5114,272,504
51,The Ash Grove,997,271,505
51,The Dogs Among The Bushes,595,270,506
51,Sleep Sound In The Morning,1001,270,507
51,Helvic Head,3110,268,508
51,Ger The Rigger,1367,267,509
52,The Dawn,167,266,510
52,The Maid At The Well,752,266,511
52,Spanish Lady,1117,266,512
52,Palm Sunday,770,265,513
52,Condon’s Frolics,1244,265,514
52,The Brosna,1414,264,515
52,The Girl Who Broke My Heart,669,263,516
52,The Trip To Windsor,1074,263,517
52,The Munster Cloak,1126,263,518
52,Paddy Fahey’s,532,261,519
53,The Limestone Rock,1619,261,520
53,Caisleán An Óir,2170,261,521
53,Fraher’s,992,260,522
53,The Limerick Lasses,516,259,523
53,Carrickfergus,4368,259,524
53,When Sick Is It Tea That You Want?,427,258,525
53,Kitty Goes A-Milking,1647,258,526
53,The Red Crow,184,257,527
53,Coen’s Memories,558,257,528
53,Sonny Brogan’s,1185,257,529
54,Iníon Ní Scannláin,540,256,530
54,The Cuil Aodha,825,255,531
54,The Malbay Shuffle,1060,255,532
54,The Maids Of Castlebar,1949,255,533
54,London Lasses,2273,255,534
54,Are You Ready Yet?,121,254,535
54,The Doon,438,254,536
54,Strike The Gay Harp,1216,254,537
54,Garryowen,1372,254,538
54,The Lark On The Strand,1634,254,539
55,The Cuckoo’s Nest,2395,254,540
55,The Lilting Fisherman,345,253,541
55,A Punch In The Dark,1918,253,542
55,Jenny Picking Cockles,202,252,543
55,The Merry Sisters Of Fate,623,252,544
55,The Hut On Staffin Island,2067,252,545
55,The Graf Spee,581,251,546
55,The Galway Girl,8942,251,547
55,Eddie Kelly’s,725,250,548
55,The Miller Of Droghan,746,250,549
56,Chloe’s Passion,1756,249,550
56,Andy De Jarlis’,838,248,551
56,Shandon Bells,1200,248,552
56,Lord McDonald’s,507,247,553
56,The Ivy Leaf,1112,247,554
56,Bill Harte’s,2788,247,555
56,The Fisherman’s Island,181,246,556
56,Coleman’s Cross,1706,246,557
56,Frailach,445,245,558
56,The Flax In Bloom,748,245,559
57,The Gallowglass,1369,245,560
57,The Milliner’s Daughter,1409,245,561
57,The Harp And The Shamrock,1802,245,562
57,Contentment Is Wealth,1662,244,563
57,Superfly,9942,244,564
57,The Blackbird,4101,244,565
57,The Tinker’s Daughter,353,243,566
57,Jackie Coleman’s,574,243,567
57,Thunderhead,732,243,568
57,Anderson’s,1631,243,569
58,Lord Gordon’s,1774,243,570
58,Pórt Na BPúcaí,1811,243,571
58,The Humours Of Westport,47,242,572
58,The Fair Wind,936,242,573
58,Autumn Child,1336,242,574
58,The Dance Of The Honeybees,130,240,575
58,The Fox On The Town,341,240,576
58,The Old Torn Petticoat,368,240,577
58,Leslie’s March,987,240,578
58,Behind The Bush In The Garden,1888,240,579
59,Bonaparte’s Retreat,2080,240,580
59,Wrong Foot Forward,5411,240,581
59,The Hag’s Purse,926,239,582
59,The High Part Of The Road,183,237,583
59,The Reel With The Birl,189,237,584
59,Paddy Clancy’s,832,237,585
59,Mo Ghile Mear,1612,237,586
59,The Siege Of Ennis,1640,237,587
59,Alice’s,179,236,588
59,Winnie Hayes’,797,236,589
60,Up Against The Buachaláns,964,236,590
60,Lexie MacAskill,1093,236,591
60,Scotland The Brave,4960,236,592
60,Brendan Tonra’s,451,235,593
60,The Corner House,479,235,594
60,The Ladies Pantalettes,2050,235,595
60,The Hare In The Corn,1736,234,596
60,The North Star,2539,234,597
60,The Maids Of Ardagh,466,233,598
60,The Mist On The Mountain,470,233,599
61,Tommy Bhetty’s,1085,232,600
61,The Morpeth Rant,1310,232,601
61,Lovers’,3766,232,602
61,Waterman’s,3367,231,603
61,Carolan’s Farewell To Music,244,231,604
61,Charlie Hunter,809,231,605
61,The Hungry Rock,1648,230,606
61,Mna Na HEireann,3890,230,607
61,The Sweetness Of Mary,802,229,608
61,The Sheep In The Boat,2576,229,609
62,The Windmill,193,228,610
62,Roaring Mary,762,228,611
62,Ingonish,780,228,612
62,The Nightingale,1868,228,613
62,250 To Vigo,2711,228,614
62,Ookpik,5422,228,615
62,The Mountain Top,529,227,616
62,Man Of Aran,973,227,617
62,Love At The Endings,990,227,618
62,King George IV,1114,227,619
63,Will You Come Home With Me,1220,227,620
63,Islay Rant,1688,227,621
63,Old Joe’s,1732,227,622
63,The Boy In The Boat,975,226,623
63,The Crosses Of Annagh,1170,226,624
63,The Coolin,1815,226,625
63,The Seven Stars,1857,226,626
63,The Dusty Miller,28,225,627
63,The Piper’s Despair,336,225,628
63,The Rollicking Boys Of Tandragee,1392,225,629
64,The Derry,3250,225,630
64,Paddy Taylor’s,578,224,631
64,The Killavil Fancy,576,223,632
64,Hole In The Hedge,755,223,633
64,The Scartaglen,900,223,634
64,St. Kilda Wedding,1606,223,635
64,The Leaving Of Liverpool,3217,223,636
64,Windbroke,910,222,637
64,Hundred Pipers,1232,222,638
64,Dinny O’Brien’s,1667,222,639
65,Hull’s,2686,222,640
65,Scarce O’ Tatties,95,221,641
65,The Donegal Lass,1497,221,642
65,The Spey In Spate,2602,221,643
65,The Killavil,1723,220,644
65,Loch Gamhna,1927,220,645
65,The Blackhaired Lass,237,219,646
65,The Whistling Postman,587,219,647
65,The Chandelier,1479,219,648
65,The Mouse In The Mug,362,218,649
66,The Humours Of Scarriff,1748,218,650
66,The Flowing Bowl,395,217,651
66,Donald Blue,1175,217,652
66,Jessica’s,1532,217,653
66,Sergeant Early’s Dream,1651,217,654
66,The Little Stack Of Wheat,785,216,655
66,Black Pat’s,966,216,656
66,Muireann’s,1902,216,657
66,The Four Pound Cheque,786,215,658
66,Peter Street,1171,215,659
67,Sporting Nell,1781,215,660
67,Pay The Reckoning,1805,215,661
67,Kitty’s Rambles,1843,215,662
67,The Night Before Larry Was Stretched,4712,215,663
67,Franc A’Phoill,31,214,664
67,The Oak Tree,212,214,665
67,The Gooseberry Bush,2732,214,666
67,The Humours Of Kiltyclogher,1043,213,667
67,The Green Gates,1722,213,668
67,Tongadale,5473,213,669
68,Sean Bui,235,212,670
68,The Frog In The Well,1395,212,671
68,Lost And Found,1160,211,672
68,Maud Millar,1177,211,673
68,The Yellow Wattle,1237,211,674
68,The Hills Of Glenorchy,842,210,675
68,Jerusalem Ridge,1812,210,676
68,Farewell To Milltown,539,209,677
68,The Irish,1276,209,678
68,Jackson’s,1311,209,679
69,Over The Waterfall,5353,209,680
69,The Wheels Of The World,1010,208,681
69,The Stool Of Repentance,1138,208,682
69,The Wonder,337,207,683
69,If Ever You Were Mine,875,207,684
69,The Grumbling Old Man And Woman,1006,207,685
69,Garech’s Wedding,2620,207,686
69,The Countess Cathleen,598,206,687
69,The Cowboy,794,206,688
69,Hand Me Down The Tackle,800,206,689
70,The Fairies’,1262,206,690
70,Doctor O’Neill,1304,206,691
70,Padraig O’Keefe’s,1844,206,692
70,The Glen Road To Carrick,2285,206,693
70,Another Jig Will Do,276,205,694
70,The Cat Rambles To The Child’s Saucepan,365,205,695
70,Heaton Chapel,572,205,696
70,Ah Surely,577,205,697
70,Junior Crehan’s,1880,205,698
70,John Doherty’s,2120,205,699
71,O’Neill’s March,2236,205,700
71,Jim Donoghue’s,2536,205,701
71,Timmy Clifford’s,656,204,702
71,The Raggle Taggle Gypsies,2681,204,703
71,My Cape Breton Home,3191,204,704
71,The Cameron Highlander,2864,203,705
71,Sonny Murray’s,309,203,706
71,The Morning Thrush,967,203,707
71,The Ballydesmond,1410,203,708
71,Marie’s Wedding,1797,203,709
72,Turkey In The Straw,2638,203,710
72,Cold Frosty Morning,6467,203,711
72,The Easy Club,955,202,712
72,Maude Miller,65,201,713
72,Mouse In The Kitchen,6655,201,714
72,The Lilting Fisherman,3369,201,715
72,Farewell To Erin,846,200,716
72,The Sunset,908,200,717
72,The Beeswing,945,200,718
72,The Bank Of Turf,1819,200,719
73,The Jig Runrig,1827,200,720
73,Ormond Sound,426,199,721
73,The Five Mile Chase,458,199,722
73,Fleur De Mandragore,731,199,723
73,The Drunken Tinker,1555,199,724
73,The Boy In The Gap,1579,199,725
73,Blind Mary,1382,198,726
73,Captain Campbell,1557,198,727
73,Shoe The Donkey,2320,198,728
73,Knocknagow,3354,198,729
74,The Lisnagun,3842,198,730
74,The Bear Dance,4195,198,731
74,Snug In The Blanket,1747,197,732
74,Bog An Lochan,1749,197,733
74,The Tempest,1004,196,734
74,Teampall An Ghleanntáin,1988,196,735
74,The Jewels Of The Ocean,4449,196,736
74,The Spotted Dog,3967,195,737
74,Larry O’Gaff’s,498,195,738
74,The Girl Of The House,1214,195,739
75,Finnegan’s Wake,1785,195,740
75,The Queen Of The Rushes,710,194,741
75,Captain O’Kane,858,194,742
75,The Burnt Old Man,1029,194,743
75,The Sunny Banks,1453,194,744
75,The Star Of The County Down,9747,194,745
75,Martin Wynne’s,461,193,746
75,Tom Ward’s Downfall,565,193,747
75,The Lakes Of Ponchartrain,896,193,748
75,The Maple Leaf,1050,193,749
76,Jim Kelly’s,1139,193,750
76,If We Hadn’t Any Women In The World,1376,192,751
76,The Concert,1474,192,752
76,Bulgarian Red,2107,192,753
76,Mac’s Fancy,2724,192,754
76,The Golden Stud,4740,192,755
76,The Mullingar Races,225,191,756
76,Paddy On The Turnpike,338,191,757
76,The Independence,1038,191,758
76,Tralee Gaol,1113,191,759
77,The Long Drop,1147,191,760
77,The Beauty Spot,1270,191,761
77,The Marino,1659,191,762
77,Crossing The Minch,2117,191,763
77,Galway Bay,3453,190,764
77,The Lark On The Strand,3254,189,765
77,A Trip To The Cottage,833,189,766
77,Maire Rua,993,189,767
77,The Rose Tree,1123,189,768
77,The Coalminer’s,1617,189,769
78,The Four Courts,2278,189,770
78,The Highlander’s Farewell To Ireland,2695,189,771
78,John Brennan’s,404,188,772
78,The Kitchen Girl,603,188,773
78,McGoldrick’s,628,188,774
78,Blink,1318,188,775
78,Amazing Grace,2749,188,776
78,Old Grey Cat,3420,188,777
78,Crabs In The Skillet,1082,187,778
78,Old Man Dillon,2200,187,779
79,Touch Me If You Dare,596,186,780
79,The Girl I Left Behind Me,5418,186,781
79,I Ne’er Shall Wean Her,803,185,782
79,March Of The Meeatoiteen Bull,2123,185,783
79,The Humours Of Castlefin,2271,185,784
79,Goodbye Miss Goodavich,186,184,785
79,My Mind Will Never Be Easy,191,184,786
79,Bantry Bay,1061,184,787
79,The Maid In The Meadow,942,183,788
79,Barney Brannigan,1429,183,789
80,The Knights Of Saint Patrick,1822,183,790
80,The Mossy Banks,1846,183,791
80,The Pinch Of Snuff,2610,183,792
80,The Keel Row,3637,183,793
80,Coleman’s,409,182,794
80,Master McDermott’s,682,182,795
80,Queen Of The Fair,772,182,796
80,The Noon Lassies,1729,182,797
80,The Sporting Pitchfork,1761,182,798
80,Shove The Pig’s Foot A Little Closer To The Fire,7905,182,799
81,The Dear Irish Boy,6623,181,800
81,The Diplodocus,620,181,801
81,John Stenson’s,1163,181,802
81,Old John’s,57,180,803
81,Paddy Fahey’s,124,180,804
81,Bill Malley’s,162,180,805
81,Devils Of Dublin,538,180,806
81,The Gravel Walks,674,180,807
81,Speed The Plough,1191,180,808
81,Green Grow The Rushes,1936,180,809
82,Dan Collins’ Father’s,2217,180,810
82,The Gatehouse Maid,941,179,811
82,The Rakes Of Clonmel,1130,179,812
82,An Traigh Mughdhorna,1314,179,813
82,The Job Of Journeywork,1605,179,814
82,The Belharbour,622,178,815
82,Up In The Air,894,178,816
82,Sailing Into Walpole’s Marsh,1341,178,817
82,The Blacksmith,1526,178,818
82,Brendan McMahon’s,1981,178,819
83,The Edinburgh Rock,5450,177,820
83,The Honeymoon,2064,177,821
83,Joe Derrane’s,3321,177,822
83,Upstairs In A Tent,136,176,823
83,The Iron Man,172,176,824
83,Corney Is Coming,943,176,825
83,The Exile Of Erin,1293,176,826
83,Tommy Peoples’,1323,176,827
83,The Bunch Of Green Rushes,1335,176,828
83,Mulhaire’s,1473,176,829
84,Greensleeves,1598,176,830
84,The Flowing Tide,2580,176,831
84,Murphy’s,149,175,832
84,1st August,935,175,833
84,Roslyn Castle,4150,175,834
84,Stone Of Destiny,804,174,835
84,Scarborough Fair,7522,174,836
84,The Big Reel Of Ballynacally,133,173,837
84,The Luck Penny,1334,173,838
84,Cotton-eyed Joe,2631,173,839
85,The Air Tune,2833,173,840
85,The Sandymount,176,172,841
85,Around The World For Sport,1011,172,842
85,Pretty Peg,1783,172,843
85,Johnny Cope,2327,172,844
85,The Cuil Aodha,14,171,845
85,The Convenience,226,171,846
85,The Kylebrack Rambler,361,170,847
85,The Dairy Maid,1946,170,848
85,Salmon Tails Up The Water,2903,170,849
86,The Handsome Young Maidens,145,169,850
86,The Flower Of The Flock,585,169,851
86,The Reel Of Mullinavat,1339,169,852
86,Eamonn McGivney’s,2020,169,853
86,The Coachman’s Whip,2227,169,854
86,The Holy Land,616,168,855
86,The Ace And Deuce Of Pipering,1107,168,856
86,Maggie Brown’s Favourite,1149,168,857
86,Dunphy’s,1980,168,858
86,Fasten The Leg In Her,2838,168,859
87,The Repeal Of The Union,545,167,860
87,The Woodcock,580,167,861
87,The Burning Of The Piper’s Hut,660,167,862
87,Have A Drink With Me,1922,167,863
87,The Trip To Cullenstown,2996,167,864
87,The Scartaglen,1764,166,865
87,Archibald McDonald Of Keppoch,6999,166,866
87,Michael Russell’s,958,165,867
87,The Bus Stop,1810,165,868
87,The Irish Rover,4786,165,869
88,Lost In The Loop,4791,165,870
88,Gypsy Princess,4577,164,871
88,Cooley’s,1052,164,872
88,A Kerry,1808,164,873
88,The First House In Connaught,2601,164,874
88,Dirty Old Town,6682,164,875
88,Táimse Im’ Chodladh,6944,164,876
88,Kilnamona,163,163,877
88,The Enchanted Lady,1522,163,878
88,The Furze In Bloom,9629,163,879
89,Flatwater Fran,10668,162,880
89,The Minstrel Boy,6782,162,881
89,Bonaparte Crossing The Alps,3056,162,882
89,Waiting For The Federals,3125,162,883
89,Throw The Beetle At Her,988,162,884
89,The Wren,2828,162,885
89,The Princess Royal,905,161,886
89,The Tolka,1251,161,887
89,Roddy McDonald’s Fancy,3154,161,888
89,Boolavogue,5322,161,889
90,The Fairy Queen,243,160,890
90,The Cat That Ate The Candle,355,160,891
90,President Garfield’s,419,160,892
90,The Boys Of The Town,1264,160,893
90,The Little Cascade,1368,160,894
90,The Mother And Child,1565,160,895
90,The Devil Is Dead,1990,160,896
90,Nora Crionna,2009,160,897
90,Paddy Fahey’s,492,159,898
90,Matt Peoples’,691,159,899
91,Miss Thornton’s,744,159,900
91,The Cliffs Of Moher,1390,159,901
91,The Trip To Birmingham,1787,159,902
91,The Sailor’s,2168,159,903
91,The Clare,8494,159,904
91,The Rambler,510,158,905
91,Sweeney’s,1549,158,906
91,Reel Around The Sun,2231,158,907
91,Sheila Coyle’s,1040,157,908
91,Richard Dwyer’s,1131,157,909
92,The Boys Of Portaferry,1436,157,910
92,The Eagle’s Whistle,1837,157,911
92,The Baltimore Salute,1849,157,912
92,Will You Come Down To Limerick,2337,157,913
92,Roddy McCorley,6673,157,914
92,The Dusty Miller,4323,157,915
92,Rodney’s Glory,3786,156,916
92,The Ballydesmond,298,156,917
92,The Cuckoo’s Nest,573,156,918
92,The Toormore,110,155,919
93,The Antrim Rose,3049,155,920
93,Loch Lomond,4952,155,921
93,The Arkansas Traveler,5583,155,922
93,Emmett’s Hedgehog,5590,155,923
93,The Sailor’s,6914,155,924
93,The Merry Sisters,165,154,925
93,Campbell’s Farewell To Red Gap,2303,154,926
93,The Humours Of Lisheen,1600,153,927
93,Molly MacAlpin,2228,153,928
93,Walsh’s,2332,153,929
94,Blue Bonnets Over The Border,2402,153,930
94,Garrett Barry’s,3434,153,931
94,The Road To Cashel,3270,152,932
94,Trip To Skye,3363,152,933
94,The Goodnatured Man,312,152,934
94,The Mortgage Burn,2047,152,935
94,The Connemara Stockings,614,151,936
94,The Kilfenora,949,151,937
94,The Twelve Pins,1333,151,938
94,The Singing Stream,2465,151,939
95,The Parting Glass,6275,151,940
95,The Foggy Dew,6862,151,941
95,Oot Be Est Da Vong,642,150,942
95,Wallop The Spot,818,150,943
95,The Green Gowned Lass,1015,150,944
95,Popcorn Behaviour,1735,150,945
95,The Mist-Covered Mountains Of Home,3411,150,946
95,Wing Commander Donald Mackenzie’s,4635,150,947
95,Souter Creek,5179,149,948
95,Cleveland Park,547,149,949
96,Bruach Na Carraige Baine,1165,149,950
96,Mother’s Delight,257,148,951
96,Patsy Touhey’s,1087,148,952
96,The Noisy Curlew,1432,148,953
96,Down The Back Lane,1496,148,954
96,For The Sake Of Old Decency,2777,148,955
96,Tom Busby’s,2860,148,956
96,The Kilmovee,2973,147,957
96,The Hurricane,4377,147,958
96,Kalyana,4896,147,959
97,An Paistin Fionn,5675,147,960
97,Bobby Casey’s,270,147,961
97,The Bird’s Nest,1358,147,962
97,The Mathematician,1755,147,963
97,The New Custom House,175,146,964
97,The Curlew Hills,670,146,965
97,Petronella,1083,146,966
97,The Crib Of Perches,1366,145,967
97,The Pretty Girl Milking Her Cow,1758,145,968
97,The Factory Smoke,1985,145,969
98,Sheepskins And Beeswax,2936,145,970
98,The Bride’s Favourite,3746,144,971
98,Fingal’s Cave,6833,144,972
98,Gusty’s Frolics,169,144,973
98,The Kilfenora,947,144,974
98,Martin Rochford’s,1062,144,975
98,The Trumpet,1408,144,976
98,The Culfadda,1523,144,977
98,The Curragh Races,1760,144,978
98,Stoney Steps,571,143,979
99,The Ballintore Fancy,1437,143,980
99,Gavotte,2081,143,981
99,The High Level,2261,143,982
99,When The Cock Crows It Is Day,2483,143,983
99,The Ghost Of Ballybrolly,2542,143,984
99,The King’s,3859,143,985
99,The Famous Baravan,5386,143,986
99,The Boys Of Ballivanich,5772,143,987
99,Bo Mhin Na Toitean,5252,142,988
99,The Muckin’ O’ Geordie’s Byre,1110,142,989
100,Peacock Follow The Hen,1145,142,990
100,"Happy To Meet, Sorry To Part",1154,142,991
100,Jimmy’s Return,1299,142,992
100,The Hut In The Bog,1573,142,993
100,Flora Macdonald,2629,142,994
100,The House Of Hamill,2677,142,995
100,Rosin The Bow,7639,142,996
100,The History Man,2938,141,997
100,Johnny Allen’s,278,141,998
100,Poor But Happy At 53,314,141,999
101,Eddie Moloney’s Favorite,323,141,1000
101,The Humours Of Westmeath,428,141,1001
101,McIntyre’s Fancy,819,141,1002
101,O’Connell’s Trip To Parliament,1443,141,1003
101,The Cuil Aodha,1535,141,1004
101,The Red Bee,1057,140,1005
101,Glory,1268,140,1006
101,The Stack Of Rye,2307,140,1007
101,The Lord Of The Dance,7844,140,1008
101,Itchy Fingers,3931,140,1009
102,Flatbush,3809,139,1010
102,Whistler At The Wake,4236,139,1011
102,The Little Diamond,604,139,1012
102,Tim Maloney’s,621,139,1013
102,Loftus Jones,640,139,1014
102,Strop The Razor,693,139,1015
102,Statia Donnelly,1471,139,1016
102,As Covas Do Rei Cintolo,2290,139,1017
102,Ornette’s Trip To Belfast,2712,139,1018
102,Forget Me Not,233,138,1019
103,The Old Flail,839,138,1020
103,The Gun In The Thatch,1045,138,1021
103,Baby Rory’s,1536,138,1022
103,As I Roved Out,1594,138,1023
103,Anything For John Joe?,3237,138,1024
103,The Glen Cottage,5278,138,1025
103,The Green Fields Of Woodford,4070,137,1026
103,The Friendly Visit,32,137,1027
103,The Blackhaired Lass,407,137,1028
103,Charlie O’Neill’s,655,137,1029
104,The Old Time Wedding,1480,137,1030
104,The Pretty Girls Of Mayo,1954,137,1031
104,The Little Fair Cannavans,1968,137,1032
104,Liberty,2317,137,1033
104,Paddy’s Green Shamrock Shore,5936,137,1034
104,James Brown’s March,3396,136,1035
104,Eanach Mhic Coilin,78,136,1036
104,The Mountain Lark,884,136,1037
104,Monymusk,1387,136,1038
104,The Champaign Jig Goes To Columbia,2438,136,1039
105,Ballinasloe Fair,509,135,1040
105,Christmas Day Ida Moarnin’,773,135,1041
105,Miss Susan Cooper,1018,135,1042
105,Muineira De Casu,1096,135,1043
105,An Comhra Donn,1636,135,1044
105,Sean Tiobrad Arann,2599,135,1045
105,The Bluebell Polka,3352,135,1046
105,The Cat In The Corner,3867,135,1047
105,A Stor Mo Chroi,5737,135,1048
105,The Rookery,2958,134,1049
106,Not Safe With A Razor,3612,134,1050
106,Aires De Pontevedra,4587,134,1051
106,The Downfall Of Paris,5021,134,1052
106,Billy In The Lowground,5135,134,1053
106,The Stone In The Field,658,134,1054
106,Laura Lynn Cunningham,699,134,1055
106,Tripping Down The Stairs,760,133,1056
106,Flagstone Of Memories,806,133,1057
106,The Banks,922,133,1058
106,Stirling Castle,1762,133,1059
107,Wissahickon Drive,1769,133,1060
107,The Headlands,1950,133,1061
107,Teahan’s Favourite,2613,133,1062
107,Doonagore,2816,133,1063
107,The Wild Rover,9635,133,1064
107,"Donald, Willie And His Dog",3019,133,1065
107,The Flying Wheelchair,4185,133,1066
107,La Bastringue,3052,132,1067
107,Hip Agus Hop,3076,132,1068
107,Kilty Town,536,132,1069
108,The Lilac,758,132,1070
108,The Turnpike,917,132,1071
108,The Leg Of The Duck,1388,132,1072
108,The Tongs By The Fire,1569,132,1073
108,The Paper Bird,2510,132,1074
108,Around The Fairy Fort,2177,131,1075
108,Roisin Dubh,4184,131,1076
108,The Road To Corrandulla,5404,131,1077
108,Sevens,4789,130,1078
108,An Drochaid Chliùteach,5151,130,1079
109,The Humours Of Whiskey,204,130,1080
109,The Tailor’s Thimble,704,130,1081
109,Do You Want Any More ?,1051,130,1082
109,The Kinnegad Slashers,1258,130,1083
109,Granny Hold The Candle While I Shave The Chicken’s Lip,2525,130,1084
109,The Honeysuckle,465,129,1085
109,The Green Cottage,559,129,1086
109,The Plough And The Stars,1768,129,1087
109,Allistrum’s March,2136,129,1088
109,The Parting Of Friends,2555,129,1089
110,The Fairy,2743,129,1090
110,Ned Of The Hill,6508,129,1091
110,Flatworld,7859,129,1092
110,The Humours Of Whiskey,1023,128,1093
110,Custy’s,1204,128,1094
110,Arra Mountains,1901,128,1095
110,Paddy’s Leather Breeches,2161,128,1096
110,Homer’s,5901,128,1097
110,Soggy’s,9196,128,1098
110,The Connaught Heifers,970,127,1099
111,The Whinny Hills Of Leitrim,1064,127,1100
111,The Bloom Of Youth,1119,127,1101
111,Crowley’s,1180,127,1102
111,The Murroe,1508,127,1103
111,Charlie Mulvihill’s,2301,127,1104
111,The Coming Of Spring,2403,127,1105
111,Rory MacLeod,2905,127,1106
111,Macpherson’s Rant,3053,127,1107
111,The Fairy,2944,126,1108
111,John Brosnan’s,3081,126,1109
112,Andy McGann’s,3278,126,1110
112,Arran Boat Song,6478,126,1111
112,Horizonto,6839,126,1112
112,Tie The Bonnet,7222,126,1113
112,The Trip To Nenagh,831,126,1114
112,Dionne,1364,126,1115
112,Carolan’s Fancy,1433,126,1116
112,Rickett’s,272,125,1117
112,The Ruined Old Cottage In The Glen,557,125,1118
112,Rosie Finn’s Favourite,664,125,1119
113,The Peacock’s Feathers,665,125,1120
113,The Moving Bogs,716,125,1121
113,Gneevgullia,876,125,1122
113,The Heathery Cruach,1265,125,1123
113,The Exile’s Jig,1327,125,1124
113,The Lilies In The Field,1750,125,1125
113,The Rizla,2476,125,1126
113,The Queen Of May,2518,125,1127
113,The Stolen Purse,2646,125,1128
113,Ragtime Annie,3954,125,1129
114,Lizzy In The Lowground,4782,125,1130
114,Dash To Portobello,533,124,1131
114,The Bunny’s Hat,738,124,1132
114,The Merry Harriers,1230,124,1133
114,The New Broom,1726,124,1134
114,The Mountain Top,1966,124,1135
114,The Island Of Woods,8940,124,1136
114,Jock Brown’s 70th,10023,124,1137
114,Scollay’s,6463,124,1138
114,May Morning Dew,8547,124,1139
115,Morgan Magan,6198,123,1140
115,Miss Lyall,173,123,1141
115,The Galway,613,123,1142
115,The Swallow’s Nest,743,123,1143
115,The One That Was Lost,861,123,1144
115,The Sound Of Sleat,1101,123,1145
115,The Old French,1296,123,1146
115,Reel De Montreal,1346,123,1147
115,The Cobbler’s,1841,123,1148
115,The Drunken Gauger,2180,123,1149
116,The Acrobat,3459,123,1150
116,A Bruxa,4194,122,1151
116,Johnny Doherty’s,201,122,1152
116,McGlinchey’s,554,122,1153
116,The Humours Of Bandon,2193,122,1154
116,Bonaparte’s Retreat,2372,122,1155
116,Miss Johnson,2411,122,1156
116,The Last Rose Of Summer,6049,122,1157
116,The Dashing White Sergeant,6319,122,1158
116,Dance Of The Riverwoman,7927,122,1159
117,In Memory Of Coleman,619,121,1160
117,The Dub,1975,121,1161
117,Jerry O’Sullivan’s,2635,121,1162
117,The Battle Of The Somme,2923,121,1163
117,Shoe The Donkey,3724,121,1164
117,Phyllis’ Birthday,4149,121,1165
117,Night Ride To Armagh,9825,121,1166
117,The Humours Of Kinvara,294,120,1167
117,Colonel Rodgers’ Favourite,311,120,1168
117,Never Was Piping So Gay,648,120,1169
118,McGoldrick’s,1360,120,1170
118,The Night We Had The Goats,1393,120,1171
118,Dark Girl Dressed In Blue,1534,120,1172
118,The House In The Glen,2060,120,1173
118,Miss Shepherd,3718,120,1174
118,An Dro,2908,119,1175
118,The First Pint,3161,119,1176
118,The Blacksmith’s,3636,119,1177
118,Miss Rowan Davies,5561,119,1178
118,Byrne’s,1143,119,1179
119,Wallop The Potlid,1454,119,1180
119,Charlie Lennon’s,2115,119,1181
119,The Steeplechase,2281,119,1182
119,Munster Bacon,2684,119,1183
119,The Maid I Ne’er Forgot,269,118,1184
119,The Kerry,882,118,1185
119,The New Rigged Ship,1207,118,1186
119,The Gold Ring,1351,118,1187
119,Arianna’s Tower,1548,118,1188
119,Gurteen Cross,1564,118,1189
120,Lucky In Love,1625,118,1190
120,Mary McMahon,1934,118,1191
120,Charlie Harris’s,2039,118,1192
120,The Ravelled Hank Of Yarn,2386,118,1193
120,My Lagan Love,2652,118,1194
120,Amelia’s,6939,118,1195
120,Rannie MacLellan’s,3837,118,1196
120,Andy Broon’s,3919,118,1197
120,Leaving Brittany,4170,118,1198
120,The Old Dudeen,3168,117,1199
121,Leckan Mor,5742,117,1200
121,Kathleen Hehir’s,157,117,1201
121,Launching The Boat,267,117,1202
121,Sweeney’s Dream,1459,117,1203
121,The Road To Ballymac,2251,117,1204
121,Oró Sé Do Bheath Abhaile,7480,117,1205
121,The Drunken Sailor,6348,116,1206
121,Volcanic,6386,116,1207
121,Be Thou My Vision,6415,116,1208
121,Dans Fisel,2890,116,1209
122,Matt Peoples’,2980,116,1210
122,East Clare,3065,116,1211
122,Mother’s Delight,242,116,1212
122,Branohm,505,116,1213
122,The Navvy On The Shore,1273,116,1214
122,The Boys Of Ballinahinch,1348,116,1215
122,Jackson’s,1610,116,1216
122,The Boys Of Ballycastle,1921,116,1217
122,Leather Away The Wattle-O,2286,116,1218
122,The Waves Of Rush,2531,116,1219
123,Colonel McBain,102,115,1220
123,Miss Galvin’s,624,115,1221
123,Granny In The Attic,2460,115,1222
123,The White Cockade,2479,115,1223
123,The Smiling Bride,4290,115,1224
123,The Maid In The Cherry Tree,5195,115,1225
123,Tommy Coen’s,5246,115,1226
123,Her Mantle So Green,2888,114,1227
123,Mulineria De Santalla D’Ozcos,3042,114,1228
123,The Woods Of Old Limerick,3893,114,1229
124,Break Yer Bass Drone,4420,114,1230
124,The Wren’s Nest,119,114,1231
124,Deirdre’s Fancy,1538,114,1232
124,The Silver Vale,644,113,1233
124,Darby Gallagher’s,810,113,1234
124,The Halting March,1330,113,1235
124,Cucanandy,1374,113,1236
124,The Cow That Ate The Blanket,1994,113,1237
124,Sonny’s Return,2083,113,1238
124,The Kerry Cow,2379,113,1239
125,Micho Russell’s,2509,113,1240
125,The Dimmers,2624,113,1241
125,The Road To Garrison,2698,113,1242
125,Elzic’s Farewell,4256,113,1243
125,Buntata’s Sgadan,4389,113,1244
125,Captain Kelly,3059,112,1245
125,La Partida,3575,112,1246
125,Cry Of The Celts,8980,112,1247
125,The Britches,277,112,1248
125,Jizaique,1089,112,1249
126,The Wedding,1235,112,1250
126,The Bush On The Hill,1305,112,1251
126,Paddy Fahey’s,1402,112,1252
126,McGovern’s Favourite,2430,112,1253
126,O’Mahoney’s,2716,112,1254
126,The Minstrel’s Fancy,2761,112,1255
126,The Salvation,199,111,1256
126,Ronde De Loudeac,1047,111,1257
126,Farewell To Glasgow,1415,111,1258
126,The Gladstone,1744,111,1259
127,The Showman’s Fancy,1777,111,1260
127,The Flooded Road To Glenties,3440,111,1261
127,Mike Hobin’s,5883,111,1262
127,Mom’s,2877,110,1263
127,Return To Camden Town,3210,110,1264
127,The Barren Rocks Of Aden,3640,110,1265
127,Memories Of Ballymote,1560,110,1266
127,The Shoemaker’s Daughter,1832,110,1267
127,A Tune For Frankie,1885,110,1268
127,Father Kelly’s,2156,110,1269
128,Welcome Home Grainne,2637,110,1270
128,Mrs Jamieson’s Favourite,2824,110,1271
128,"Bonny At Morn, Key Of Bm",6388,110,1272
128,Wild Mountain Thyme,10655,110,1273
128,Irish Lamentation,8973,109,1274
128,The Galtee Hunt,386,109,1275
128,The Priest,1765,109,1276
128,Billy Brocker’s,1872,109,1277
128,Jackson’s Morning Brush,2699,109,1278
128,Baidin Fheilimi,3256,109,1279
129,The Greencastle,4353,109,1280
129,Siuil A Ruin,6756,109,1281
129,The Liffey Banks,502,108,1282
129,The Destitution,673,108,1283
129,Cloch Na Ceithre Mhile,989,108,1284
129,The Phoenix,1105,108,1285
129,The Rowan Tree,1588,108,1286
129,The Union,1591,108,1287
129,That’s Right Too!,1703,108,1288
129,The Road To Skye,1709,108,1289
130,The Humours Of Carrigaholt,1730,108,1290
130,Kenny Gillies Of Portnalong,1875,108,1291
130,The Milky Way,2241,108,1292
130,Australian Waters,2607,108,1293
130,John McHugh’s,2664,108,1294
130,Up Leitrim,3257,108,1295
130,The Price Of A Pig,4114,108,1296
130,The Mill House,4484,108,1297
130,An Feochan,5182,108,1298
130,Ivory Lady,5555,107,1299
131,The Dancing Bear,5582,107,1300
131,Three Little Steps,9907,107,1301
131,The Fair-haired Lass,1231,107,1302
131,A.A. Cameron’s,1275,107,1303
131,Miss Sarah Drummond Of Perth,1556,107,1304
131,The Portsmouth,2466,107,1305
131,The Whistler Of Rosslea,304,106,1306
131,Scattery Island,641,106,1307
131,The Butcher’s Fancy,1003,106,1308
131,Leaving Friday Harbour,3312,106,1309
132,Johnny McIljohn’s,1491,106,1310
132,David’s,2746,106,1311
132,Put Me In The Big Chest,3105,106,1312
132,Iain MacDonald’s,6204,106,1313
132,The Parting Glass,9234,106,1314
132,Ballyogan,2876,105,1315
132,The Banks Of Newfoundland,3172,105,1316
132,The Centenary March,3655,105,1317
132,Banjo Breakdown,3993,105,1318
132,An Buachaill Caol Dubh,4123,105,1319
133,Bell Table,5067,105,1320
133,The Coast Of Austria,692,105,1321
133,The Gaelic Club,782,105,1322
133,Cahir’s Kitchen,1090,105,1323
133,The Castlebar Races,1205,105,1324
133,Kitty O’Shea’s,1221,105,1325
133,The Sligo,1784,105,1326
133,Gort Na Mona,2087,105,1327
133,Imelda Roland’s,2735,105,1328
133,The West Wind,2837,105,1329
134,Michael Kennedy’s,551,104,1330
134,Dornoch Links,1649,104,1331
134,Scully Casey’s,1790,104,1332
134,Calum Breugach,2319,104,1333
134,The Seagull,4361,104,1334
134,Fear A’ Bhata,8919,104,1335
134,The Foggy Dew,9488,104,1336
134,Ben Hill,6899,104,1337
134,The Rose In The Gap,6171,103,1338
134,Simon Thoumire’s,6531,103,1339
135,Kansas City,8755,103,1340
135,Son Ar Rost,3287,103,1341
135,Princess Nancy,4540,103,1342
135,Jim Ward’s,4754,103,1343
135,The Garden Of Daisies,5080,103,1344
135,Lime Hill,5767,103,1345
135,Follow Me Down To Milltown,252,103,1346
135,The Waterbed,328,103,1347
135,The Humours Of Drinagh,413,103,1348
135,The Fermanagh,654,103,1349
136,Sourgrass And Granite,717,103,1350
136,The Irish Girl,844,103,1351
136,Jack Broke Da Prison Door,1260,103,1352
136,The Sword In The Hand,1425,103,1353
136,The Donegal Tinker,1770,103,1354
136,Hanley’s Tweed,1894,103,1355
136,The Cobbler,1911,103,1356
136,Out On The Road,2148,103,1357
136,I Have A House Of My Own With A Chimney Built On Top Of It,2668,103,1358
136,The Flowers Of The Forest,2834,103,1359
137,Back To Belfast,9917,103,1360
137,The Brexit,15449,103,1361
137,Is The Big Man Within ?,3261,102,1362
137,Jenny Lind,4883,102,1363
137,Wes And Maggie’s Ceili Croft,5921,102,1364
137,Last Tango In Harris,6124,102,1365
137,All Those Endearing Young Charms,6788,102,1366
137,Richard Dwyer’s,8453,102,1367
137,Neckbelly,8616,102,1368
137,Caoineadh Cu Chulainn,9584,102,1369
138,Anne Lacey’s,9593,102,1370
138,Emily’s,763,102,1371
138,The Sunshine,1362,102,1372
138,High Caul Cap,1524,102,1373
138,Follow Me Up To Carlow,1583,102,1374
138,An TSeanbhean Bhocht,1599,102,1375
138,McDonagh’s,1963,102,1376
138,Larry’s Favourite,2389,102,1377
138,The Whistling Postman,586,101,1378
138,Saint Ruth’s Bush,633,101,1379
139,Con Cassidy’s,971,101,1380
139,John Stenson’s,1155,101,1381
139,The Flowers Of Spring,1283,101,1382
139,From Galway To Dublin,1464,101,1383
139,Lad O’Beirne’s,2316,101,1384
139,Mrs McGhee,2625,101,1385
139,Whelan’s Old Sow,3002,101,1386
139,Boys Of School Hill,5479,101,1387
139,Up In The Garret,3340,100,1388
139,Pretty Maggie Morrissey,3564,100,1389
140,Tripping To The Well,4158,100,1390
140,The Wearing Of The Green,4977,100,1391
140,The Galtee,1059,100,1392
140,Bean An Tí Ar Lár,1370,100,1393
140,Redican’s,1449,100,1394
140,Lough Gill,1788,100,1395
140,The Geese In The Bog,723,99,1396
140,Touching Cloth,1413,99,1397
140,Laington’s,1420,99,1398
140,The Tail Toddle,1484,99,1399
141,Throw Away The Keys,1540,99,1400
141,Ninety-Eight March,2103,99,1401
141,Brid Harper’s,2376,99,1402
141,Michael’s,3001,99,1403
141,The First Month Of Spring,3806,99,1404
141,Tripping Up The Stairs,4331,99,1405
141,Gort Na Mona,5375,99,1406
141,An Raibh Tu Ar An GCarraig ?,9695,99,1407
141,Castlerock Road,10255,99,1408
141,Maverick Angels,7397,99,1409
142,In And Out The Harbor,158,98,1410
142,Frank Roche’s,203,98,1411
142,The King’s Fancy,685,98,1412
142,Mickey Callaghan’s Fancy,774,98,1413
142,The Hawk,3146,98,1414
142,The Chapel Bell,5405,98,1415
142,Pat And Al’s,3206,97,1416
142,Cavan Potholes,3393,97,1417
142,Uist,3473,97,1418
142,The Fly In The Porter,4225,97,1419
143,Johnny’s Wedding,5713,97,1420
143,Jimmy Allen,6354,97,1421
143,Ye Banks And Braes,6718,97,1422
143,Genevieve’s,135,97,1423
143,The Munster,372,97,1424
143,The Lakes Of Sligo,393,97,1425
143,Rosie’s,394,97,1426
143,Mama’s Pet,1290,97,1427
143,Lark’s March,1580,97,1428
143,The Cat In The Fiddle Case,2094,97,1429
144,The Small Hills Of Offaly,2101,97,1430
144,The Gray Old Lady Of Raasay,340,96,1431
144,Manus Lunny’s Terracotta Plower Pop,435,96,1432
144,Rosewood,815,96,1433
144,Bill Harte’s,1281,96,1434
144,Con Cassidy’s,1570,96,1435
144,The Other High,1584,96,1436
144,The Road To Durham,1677,96,1437
144,The Nine Pint Coggie,1683,96,1438
144,Gillan’s Apples,1854,96,1439
145,Her Golden Hair Was Hanging Down Her Back,2006,96,1440
145,Tommy Peoples’,2132,96,1441
145,Kiss Me Kate,2530,96,1442
145,The Sweet Flowers Of Milltown,2997,96,1443
145,Bimíd Ag Ól,3456,96,1444
145,Johnny Cope,4953,96,1445
145,Lady Gordon’s,4954,96,1446
145,Mutt’s Favourite,6482,96,1447
145,Marga’s Moment,8007,96,1448
145,The Pumpkin’s Fancy,6604,95,1449
146,I’ll Buy Boots For Maggie,1169,95,1450
146,Anthony Frawley’s,1198,95,1451
146,The Irish Waterman,1312,95,1452
146,Spoil The Dance,2144,95,1453
146,The Resting Chair,2223,95,1454
146,Richard Brennan’s,2632,95,1455
146,Paddy Fahey’s,2667,95,1456
146,The Street Player,2739,95,1457
146,The False Proof,2765,95,1458
146,Split Rock,2861,95,1459
147,Peter Byrne’s,2919,95,1460
147,Asturian Air,3070,95,1461
147,Up And About In The Morning,3145,95,1462
147,Nelson Mandela’s Welcome To Glasgow,3156,95,1463
147,The Top Of The Maol,3454,95,1464
147,Redican’s Mother,3504,95,1465
147,Jenna Reid Of Quarff,4393,95,1466
147,La Belle Catherine,4625,95,1467
147,Maison De Glace,9002,95,1468
147,Slide From Grace,10881,95,1469
148,The Dirty Bee,10030,94,1470
148,The Trip To Dingle,6057,94,1471
148,Aisling Gheal,7264,94,1472
148,The Trip To The Market,8859,94,1473
148,Flying To The Fleadh,4370,94,1474
148,The Hare In The Corn,4579,94,1475
148,Metsäkukkia,4585,94,1476
148,On The Top Of Cork Road,5018,94,1477
148,Kitty In The Lane,569,94,1478
148,The Banks Of The Illen,747,94,1479
149,The Maho Snaps,811,94,1480
149,Lillibullero,1069,94,1481
149,The Rusty Gulley,1208,94,1482
149,The Ten Pound Float,1553,94,1483
149,The Boys On The Hilltop,1939,94,1484
149,Aird Ranters,2068,94,1485
149,Drunk At Night And Dry In The Morning,2458,94,1486
149,Ann Maguire’s Silver Wedding,2544,94,1487
149,Jimmy Lyons,171,93,1488
149,Skidoo,352,93,1489
150,Riding On A Load Of Hay,1239,93,1490
150,Across The Fence,1294,93,1491
150,Miss McGuinness,1397,93,1492
150,Carolan’s Receipt,1493,93,1493
150,Dave White’s,1655,93,1494
150,Ninety-Nine March,2108,93,1495
150,Where Is The Cat?,2377,93,1496
150,The Fairhaired Child,2387,93,1497
150,Mull Of Kintyre,2704,93,1498
150,Clueless,10682,93,1499
151,The Hills Of Tara,2998,93,1500
151,The Knocknaboul,3023,93,1501
151,The Heights Of Cassino,3833,93,1502
151,Sean Ryan’s,3945,93,1503
151,An Mhaighdean Mhara,4087,93,1504
151,Pernod,4232,93,1505
151,79th’s Farewell To Gibralter,5318,93,1506
151,The Ewe Wi’ The Crookit Horn,5610,93,1507
151,Danse Breton,6932,93,1508
151,June Apple,7237,93,1509
152,Michael Turner’s,7077,92,1510
152,Highland Cathedral,7525,92,1511
152,Lark In The Clear Air,7632,92,1512
152,Branohm,504,92,1513
152,Cathy’s Favourite,531,92,1514
152,The Queen Of The West,928,92,1515
152,Eileen O’Callaghan’s,1219,92,1516
152,Eighth Of January,1306,92,1517
152,Michael Gorman’s,1714,92,1518
152,I Have No Money,1974,92,1519
153,Smeceno Horo,1984,92,1520
153,John Naughton’s,2393,92,1521
153,Natterjack’s,2507,92,1522
153,Temple Hill,2626,92,1523
153,New Ships A Sailing,2756,92,1524
153,Ambrose Moloney’s,2896,92,1525
153,The Thrush In The Storm,4487,92,1526
153,Absent Friends,5554,92,1527
153,Blair Athol,5874,92,1528
153,A Cup Of Tea,3038,91,1529
154,Charles O’Connor,3068,91,1530
154,Horse’s Bransle,3593,91,1531
154,Paddy Taylor’s,5430,91,1532
154,The Gobby O,5806,91,1533
154,The Cliffs,412,91,1534
154,The Sligo Fancy,508,91,1535
154,The Glenside,534,91,1536
154,The Watchmaker,708,91,1537
154,King Of The Clans,1174,91,1538
154,John McFadden’s Favourite,1466,91,1539
155,Walking The Floor,1739,91,1540
155,Get Up Old Woman And Shake Yourself,1937,91,1541
155,Molloy’s Favourite,1941,91,1542
155,Paddy Kelly’s,2125,91,1543
155,Connie The Soldier,373,90,1544
155,The Return Home,379,90,1545
155,Crossing The Shannon,494,90,1546
155,The Pleasures Of Hope,521,90,1547
155,The Woodchoppers,946,90,1548
155,The Poppy Leaf,1058,90,1549
156,Jack’s The Lad,1097,90,1550
156,Larkin’s Beehive,1224,90,1551
156,The Cat That Ate The Candle,1430,90,1552
156,The Meelick Team,1511,90,1553
156,Gillan’s Apples,1855,90,1554
156,O’Connor’s,2097,90,1555
156,Larry Get Out Of The Bin,2293,90,1556
156,Rosbeg,2304,90,1557
156,Joe Bane’s,2353,90,1558
156,Planxty Davis,2937,90,1559
157,The September,3064,90,1560
157,Charlie Lennon’s Scottish Concerto,5248,90,1561
157,Jig For John,5366,90,1562
157,Hunting The Hare,3653,89,1563
157,The Blooming Meadows,4066,89,1564
157,Erin’s Shore,7048,89,1565
157,James Byrne’s,266,89,1566
157,The Fox On The Prowl,501,89,1567
157,Michael Dwyer’s,931,89,1568
157,Planxty Joe Burke,944,89,1569
158,Troy’s Wedding,2014,89,1570
158,Sliabh Na MBan,2141,89,1571
158,Last Of The Starrs,9126,89,1572
158,Farewell To Nigg,9303,88,1573
158,Sligo Creek,3531,88,1574
158,The Miller Of Drone,3626,88,1575
158,Donald MacLean’s Farewell To Oban,4806,88,1576
158,Lad O’Beirne’s Favourite,4967,88,1577
158,Afton Water,855,88,1578
158,The Cloone,1644,88,1579
159,The Wheels Of The World,1652,88,1580
159,The Witches,1720,88,1581
159,The Humours Of Loughrea,1767,88,1582
159,Ask My Father,2288,88,1583
159,Mickey Callaghan’s,2328,88,1584
159,The Kildare Fancy,2435,88,1585
159,Christmas In Killarney,434,87,1586
159,Roaring Water,768,87,1587
159,Dublin Porter,836,87,1588
159,Hughie Shortie’s,1086,87,1589
160,The Piper’s Chair,1255,87,1590
160,The Sweets Of May,1917,87,1591
160,Tullochgorum,1951,87,1592
160,Rory Gallagher’s,2526,87,1593
160,The Auld Pipe,2826,87,1594
160,The Warlocks,3092,87,1595
160,Andy McGann’s,3303,87,1596
160,Coleman’s March,3888,87,1597
160,The Trip To Miriams,4132,87,1598
160,Gol Na MBan San Ar,4192,87,1599
161,The Mystery,6998,87,1600
161,Rochdale Coconut Dance,7715,86,1601
161,The Rabbit,9077,86,1602
161,The Hills Of Connemara,3283,86,1603
161,Tico Tico,4357,86,1604
161,The Bass Rock,5207,86,1605
161,James Gannon’s,246,86,1606
161,The Fly Fishing,313,86,1607
161,The Newmarket,334,86,1608
161,The Happy One Step,952,86,1609
162,The Cricket’s March Over The Salt Box,983,86,1610
162,Mrs Crehan’s,1250,86,1611
162,The Humours Of Derrycrossane,1550,86,1612
162,Con Cassidy’s,2007,86,1613
162,Paddy’s Rambles Through The Park,512,85,1614
162,Sully’s,730,85,1615
162,The Mourne Mountains,898,85,1616
162,The Gold Ring,1371,85,1617
162,Tom Sullivan’s,1820,85,1618
162,Wellington’s Advance,2191,85,1619
163,An Sioda,2640,85,1620
163,The Silver Slipper,8479,85,1621
163,The Ballyvourney,3410,85,1622
163,The Old Crossroads,3659,85,1623
163,Poon Hill,3854,85,1624
163,The Leitrim Lilter,3943,85,1625
163,The Beehive,4196,85,1626
163,The Girls In Boisdale,5358,85,1627
163,The Humours Of Tullyknockbrine,2988,84,1628
163,The Return To Miltown,3205,84,1629
164,Waiting For Janet,3425,84,1630
164,Stolen Apples,3576,84,1631
164,The Left Handed Fiddler,4661,84,1632
164,The Hearty Boys Of Ballymote,5808,84,1633
164,Harvest Storm,356,84,1634
164,Midsummer’s Night,2040,84,1635
164,The Banks Of Allan,2118,84,1636
164,The Longacre,2776,84,1637
164,The Setting Sun,2820,84,1638
164,Black Is The Colour,7454,84,1639
165,Dolina MacKay,7920,84,1640
165,The Asturian Way,8188,84,1641
165,Jack Daniels’,9268,84,1642
165,Jacky Tar,10389,84,1643
165,Eagle’s Whistle,9853,83,1644
165,On The Wings Of A Skorie,2898,83,1645
165,Conlagh’s Big Day,3817,83,1646
165,"Taylor Bar, 4am",5031,83,1647
165,Ceol Na Mara,5347,83,1648
165,Janine’s,5584,83,1649
166,Road To Barga,5746,83,1650
166,The Appropriate Dipstick,6885,83,1651
166,Hinba,7472,83,1652
166,A Lovely Madness,7609,83,1653
166,Jiggery Pokerwork,8280,83,1654
166,The World’s End,178,83,1655
166,The First Month Of Summer,493,83,1656
166,The Atlantic Wave,962,83,1657
166,Ryan’s,1576,83,1658
166,Mick O’Connor’s,1593,83,1659
167,The Blackbird,1996,83,1660
167,Moving In Old Decency,2033,83,1661
167,John Doherty’s,2497,83,1662
167,Seamus O’Shanahan’s,2571,83,1663
167,If I Was A Blackbird,2618,83,1664
167,Molly Rankin’s,2647,83,1665
167,Fair Jenny’s,2759,83,1666
167,Hogties,290,82,1667
167,The Burren,1871,82,1668
167,The Flop-Eared Mule,2147,82,1669
168,Neilly O’Boyle’s,2428,82,1670
168,Eddie Kelly’s,2815,82,1671
168,The Waltz Of The Little Girls,6192,82,1672
168,Leaving Lismore,6375,82,1673
168,Last Train From Loughrea,7993,82,1674
168,Hamish The Carpenter,3103,82,1675
168,The Farewell,3214,82,1676
168,Scully Casey’s,3437,82,1677
168,The Klezmer,3749,82,1678
168,The Groves,3977,82,1679
169,The Cashmere Shawl,4305,82,1680
169,The Galway Belle,4543,82,1681
169,Casadh An Tsúgáin,4581,82,1682
169,Roxburgh Castle,4628,82,1683
169,Paddy Fahey’s,4930,82,1684
169,Finbarr Dwyer’s,5623,82,1685
169,Paddy Fahey’s,2940,81,1686
169,Harvest Moon,3679,81,1687
169,The Girls At Martinfield,4942,81,1688
169,Union Street Session,5057,81,1689
170,The Humours Of Drinagh,5104,81,1690
170,Maggie West’s,9559,81,1691
170,The Soup Dragon,10785,81,1692
170,Father O’Grady’s Visit To Bocca,180,81,1693
170,Martin Wynne’s,450,81,1694
170,Sweeney’s Wheel,1025,81,1695
170,Walter Sammon’s Grandmother,1701,81,1696
170,Mike Flanagan’s,2348,81,1697
170,Eibhlí Gheal Chiúin Ní Chearbhaill,2407,81,1698
170,The Pure Drop,2485,81,1699
171,The Swan,1036,80,1700
171,The Roving Bachelor,1608,80,1701
171,The Mullingar Lea,1657,80,1702
171,Leaving Lerwick Harbour,1874,80,1703
171,John Naughton’s,2212,80,1704
171,Miss Thompson’s,2264,80,1705
171,The Maid Of Feakle,3083,80,1706
171,Celtic Thunder,3130,80,1707
171,Paddy Fahey’s,3346,80,1708
171,The Oyster Wife’s Rant,4495,80,1709
172,"The Further, The Deeper",4844,80,1710
172,Easter Sunday,5039,80,1711
172,The Immigrant,9761,80,1712
172,The Tennessee,10545,80,1713
172,The Westphalia,6876,80,1714
172,Leading Role,7096,79,1715
172,Father O’Grady’s Visit To Bocca,817,79,1716
172,Haley’s,925,79,1717
172,The Bridal,1000,79,1718
172,The Shepherd’s Daughter,1313,79,1719
173,Bill The Weaver’s,1527,79,1720
173,My Dungannon Sweetheart,1575,79,1721
173,The Three Sisters,1582,79,1722
173,The Happy Days Of Youth,1669,79,1723
173,Memories Of Father Angus MacDonnell,1796,79,1724
173,Biddy Martin’s,1818,79,1725
173,The Fourth Floor,1948,79,1726
173,Dancing Eyes,2697,79,1727
173,Lunchtime Boredom,10364,79,1728
173,Fly By Night,3122,79,1729
174,Colonel Rodney’s,3212,79,1730
174,Danny Ab O’Keefe’s,3577,79,1731
174,Lament For Staker Wallace,3607,79,1732
174,Kenny Macdonald’s,3889,79,1733
174,The Shetland Molecule,3940,79,1734
174,S’iomadh Rud A Chunnaic Mi,5478,79,1735
174,Glenuig Bay,5496,79,1736
174,Wild Rose Of The Mountain,5550,79,1737
174,The Braes Of Tulliemet,3084,78,1738
174,Carolan’s Cup,3422,78,1739
175,The Gentle Giant,3443,78,1740
175,The Hesleyside,3551,78,1741
175,The Trip To Killarney,3942,78,1742
175,Darby’s Farewell To London,4724,78,1743
175,The Scartaglen,4805,78,1744
175,The Smith’s A Gallant Fireman,4862,78,1745
175,The Bottom Of The Punchbowl,6166,78,1746
175,The Wexford Carol,6500,78,1747
175,The Blockers,274,78,1748
175,Off With You!,694,78,1749
176,The Gale,1033,78,1750
176,Arrane Ghelby,1589,78,1751
176,La Cosa Mulligan,1665,78,1752
176,The Haughton House March,2358,78,1753
176,The New House,2484,78,1754
176,John Dwyer’s,2708,78,1755
176,The Humours Of Ballyconnell,2748,78,1756
176,The Bantry Lasses,680,77,1757
176,The Chorus,779,77,1758
176,Paddy Fahey’s,859,77,1759
177,O’Keefe’s,998,77,1760
177,I Will If I Can,1248,77,1761
177,The Thornton,2481,77,1762
177,Thomond Bridge,3291,77,1763
177,Mountain Dew,4105,77,1764
177,The Road To The Isles,4190,77,1765
177,Mairi’s Wedding,5324,77,1766
177,Balls To Hall,6279,77,1767
177,A Fisherman’s Song For Attracting Seals,9070,77,1768
177,I Think It’s Thursday,9711,76,1769
178,The Champion,137,76,1770
178,The Caves Of Kiltanon,698,76,1771
178,The Lady Of The House,1116,76,1772
178,Hanly’s,1664,76,1773
178,The Commodore,1710,76,1774
178,The Striking Clock,5972,76,1775
178,Catalina,2886,76,1776
178,The Reel Of Bogie,3307,76,1777
178,Hunting The Squirrel,3333,76,1778
178,Terry Teehan’s,4250,76,1779
179,The Joy Of It,4421,76,1780
179,Lady Birr,4499,76,1781
179,The Cats Of Camazen,5486,76,1782
179,Louis’,2862,75,1783
179,Duncan Johnstone,2863,75,1784
179,Peggy’s,3088,75,1785
179,John Brosnan’s,3835,75,1786
179,The Arms Dealer’s Daughter,3906,75,1787
179,The Donegal Traveller,4028,75,1788
179,A Quiet Autumn,4932,75,1789
180,The 30 Year,5304,75,1790
180,Tom Billy’s,5379,75,1791
180,The Black Nag,9989,75,1792
180,Marnie Swanson Of The Grey Coast,7098,75,1793
180,The Rainy Day,7228,75,1794
180,Over The Hills And Far Away,7502,75,1795
180,As I Went Out Upon The Ice,7528,75,1796
180,Denis Murphy’s,156,75,1797
180,Ferny Hill,459,75,1798
180,Tripping On The Mountain,564,75,1799
181,Dr. MacPhail’s,714,75,1800
181,Jimmy Batty’s,1013,75,1801
181,The Long Note,1424,75,1802
181,The Tournmore,1515,75,1803
181,All Round The Room,2197,75,1804
181,Johnny Leary’s,2383,75,1805
181,I Wish I Never Saw You,2666,75,1806
181,John McKenna’s,934,74,1807
181,The Little Burnt Potato,1187,74,1808
181,The Lads Of Alnwick,1194,74,1809
182,An Buachaillin Dreoite,1772,74,1810
182,The Kitchenpiper,2012,74,1811
182,The Hills Of Coore,2157,74,1812
182,The Road To The Glen,2805,74,1813
182,The Anvil,2989,74,1814
182,Boy-Girl Tune,3366,74,1815
182,The Ewe,3438,74,1816
182,Dashing White Eejit,3500,74,1817
182,The Red Haired Girl Of Tulloch,4043,74,1818
182,The Navvie On The Line,4376,74,1819
183,The Haggis,4535,74,1820
183,The Fair Haired Boy,4552,74,1821
183,Bridal March From Unst,5108,74,1822
183,Johnny O’Leary’s,5117,74,1823
183,Stranger At The Gate,5300,74,1824
183,The Trip We Took Over The Mountain,6524,74,1825
183,Vladimir’s Steamboat,7218,74,1826
183,Zeeto The Bubbleman,7872,74,1827
183,Galway Races,8927,74,1828
183,Bonaparte Crossing The Rhine,10620,74,1829
184,Lad O’Beirne,546,73,1830
184,Ashmolean House,739,73,1831
184,The Orange Rogue,899,73,1832
184,Up Downey,918,73,1833
184,The Four Poster Bed,1078,73,1834
184,Lord Ramsey,1277,73,1835
184,Lieutenant Maguire’s,1452,73,1836
184,James Kelly’s,1492,73,1837
184,City Of Savannah,1607,73,1838
184,Paddy Fahey’s,2561,73,1839
185,Gillian’s,6244,73,1840
185,Lighthouse Keeper’s,6343,73,1841
185,Westering Home,6587,73,1842
185,The Holly Bush,7080,73,1843
185,The Cliffs Of Dooneen,7157,73,1844
185,Cruel Is The Snow That Sweeps Glencoe,8090,73,1845
185,Knocknamoe,2943,73,1846
185,The Hen’s March Through The Midden,3486,73,1847
185,Air For A Whistle,3684,73,1848
185,Hamnataing,3935,73,1849
186,Gaelic Gavotte,5410,73,1850
186,Mulvihill’s,5797,73,1851
186,The Highlander’s Revenge,2917,72,1852
186,Leaving Stoer,4400,72,1853
186,The Meeting Of The Waters,4679,72,1854
186,I Was Born For Sport,4895,72,1855
186,Madame Maxwell,5083,72,1856
186,MacLeod’s Farewell,6248,72,1857
186,Ye Banks And Braes O’ Bonnie Doon,6599,72,1858
186,Nina’s,7272,72,1859
187,Paddy In London,8107,72,1860
187,Jig Of Beer,8294,72,1861
187,Johnny Boyle’s,51,72,1862
187,Mr. O’Connor,400,72,1863
187,The Pearl Wedding,1190,72,1864
187,The Glenties,1332,72,1865
187,Bonny Anne,1562,72,1866
187,The Glentaun,1759,72,1867
187,The Thrush In The Morning,2151,72,1868
187,A Merry Christmas,2152,72,1869
188,Breakout,2283,72,1870
188,Grainne’s,2437,72,1871
188,The New Road,2630,72,1872
188,The Newcastle,684,71,1873
188,Dermot Grogan’s,1017,71,1874
188,The Stage,1249,71,1875
188,Aggie Whyte’s,1878,71,1876
188,The Old Wheels Of The World,1887,71,1877
188,Lady Ellen,2163,71,1878
188,The Jockey At The Fair,2257,71,1879
189,Road To Boston,6651,71,1880
189,Hangman’s,7043,71,1881
189,McCarthy’s,3290,71,1882
189,The Western,3548,71,1883
189,Davy-Davy Knick-Knack,3697,71,1884
189,Apollo Bay,5377,71,1885
189,Timmy Collins’,5745,71,1886
189,Granny In The Corner,2853,70,1887
189,The Clogger’s Quilt,2999,70,1888
189,Paddy’s,3226,70,1889
190,Dancing Feet,3768,70,1890
190,Lord Lovat’s Lament,3872,70,1891
190,The Blackbird,4508,70,1892
190,The Braes Of Busby,4644,70,1893
190,The Plane Tree,4990,70,1894
190,A Day And An Age,5618,70,1895
190,The Mills Are Grinding,5779,70,1896
190,Mary Grace,5780,70,1897
190,The Caterpillar,5835,70,1898
190,The Walls Of Liscarroll,9601,70,1899
191,The Farley Bridge,12579,70,1900
191,Lochanside,6479,70,1901
191,Ridee,7035,70,1902
191,Boil The Cabbage Down,7398,70,1903
191,Gone Fishing,7623,70,1904
191,The Sloe,8137,70,1905
191,Gan Ainm,260,70,1906
191,Sailing Through The Narrows,491,70,1907
191,Molly Put The Kettle On,749,70,1908
191,The Rising Sun,1024,70,1909
192,Darby The Driver,1137,70,1910
192,Glasgow City Police Pipers,1181,70,1911
192,Idir Deighric ‘Gus Breo’,2173,70,1912
192,The Kerry Jig,2188,70,1913
192,The Rambling Pitchfork,2329,70,1914
192,Brendan’s,2445,70,1915
192,Tie The Ribbons,2572,70,1916
192,Thank God We’re Surrounded By Water,2611,70,1917
192,The Hunt,2653,70,1918
192,Paddy Killoran’s,721,69,1919
193,Cornelius Curtin’s Big Balloon,821,69,1920
193,Finbar Dwyer’s Favorite,1159,69,1921
193,Rory O’More,1189,69,1922
193,The Piper On Horseback,1247,69,1923
193,Daniel Of The Sun,1317,69,1924
193,The Piper In The Meadow Straying,1469,69,1925
193,Your Mother’s Little Pet,1571,69,1926
193,Maggie Cameron,1876,69,1927
193,Walsh’s,2105,69,1928
193,The Bush In Bloom,2472,69,1929
194,The Mourne Shore,9596,69,1930
194,Queen Of The Fairies,10215,69,1931
194,The Brumley Brae,4407,69,1932
194,Kings Of Kerry,4717,69,1933
194,The Piper’s Picnic,5042,69,1934
194,John Nee’s,5994,69,1935
194,The Hills Of New Zealand,6179,69,1936
194,The Green Forest,7736,69,1937
194,The Lady’s Cup Of Tea,8096,69,1938
194,Muirsheen Durkin,8516,69,1939
195,Bonnie Mulligan,6841,68,1940
195,The 72nd Highlanders’ Farewell To Aberdeen,6970,68,1941
195,Jimmy Connor’s,6983,68,1942
195,Skyedance,7653,68,1943
195,Saddle The Pony,8665,68,1944
195,The Sportsman’s,8698,68,1945
195,The Snuff Wife,8900,68,1946
195,Taybank Shenanigans,10678,68,1947
195,McDonagh’s,214,68,1948
195,The Lisheen,826,68,1949
196,Bob McQuillen’s,1544,68,1950
196,The Boogie,1574,68,1951
196,The Hole In The Boat,1585,68,1952
196,Biddy From Sligo,1672,68,1953
196,Luradan’s,1851,68,1954
196,Clancy’s,1856,68,1955
196,The Flowers Of The Red Mill,2867,68,1956
196,Above And Beyond,3137,68,1957
196,The Maids In The Meadow,3326,68,1958
196,Ride A Mile,4042,68,1959
197,Laurel’s,4160,68,1960
197,The Tenpenny Bit,4180,68,1961
197,The Humours Of Ballingarry,4191,68,1962
197,A Mile Down The Road,4349,68,1963
197,Le Reel Des Voyageurs,5614,68,1964
197,The Duck,3347,67,1965
197,Highway To Kilkenny,3599,67,1966
197,Johnnie Wilmot’s Fiddle,3643,67,1967
197,Galician Muiñeira,3730,67,1968
197,A Visit To Ireland,3897,67,1969
198,93 Not Out,4239,67,1970
198,Pet Of The Pipers,5132,67,1971
198,The Skylark’s Ascension,5826,67,1972
198,Madame Neruda,5834,67,1973
198,Jig For Grace,9288,67,1974
198,Inver Bank,9293,67,1975
198,Pint Of Reference,5956,67,1976
198,Gloomy Winter,6271,67,1977
198,The Phrygian Whistle,7741,67,1978
198,Doinna,8154,67,1979
199,A Tune For Emily Ball,8395,67,1980
199,John Walsh’s,329,67,1981
199,The Salt,527,67,1982
199,The Priest In His Boots,877,67,1983
199,Sir Roger De Coverly,1196,67,1984
199,Shake A Leg,2207,67,1985
199,The Panda,2478,67,1986
199,Esther’s,2522,67,1987
199,The Caucus,2764,67,1988
199,Darby The Driver,127,66,1989
200,The Log Cabin,834,66,1990
200,Dálaigh’s,1426,66,1991
200,An Suisin Ban,1668,66,1992
200,The Four Kisses,1776,66,1993
200,Pat McKenna’s,2053,66,1994
200,North Clare,2292,66,1995
200,Don’t Touch That Green Linnet,2309,66,1996
200,The Almost,2408,66,1997
200,Bonnie Kate,2452,66,1998
200,Reel Du Pendu,2528,66,1999
201,Cuir Barr Air,2608,66,2000
201,Ciaran Tourish,2707,66,2001
201,"A Bottle Of Vodka, Forty Embassy Red And £50 Cashback, Please",9741,66,2002
201,Sandy Cameron,3109,66,2003
201,Elanor Rigby,3216,66,2004
201,Gleanntan Frolics,3446,66,2005
201,Nancy,3471,66,2006
201,Charlie Mulvihill’s,4171,66,2007
201,O’Dea’s,5136,66,2008
201,Teviot Bridge,5467,66,2009
202,King George,5581,66,2010
202,The Lark’s March,5867,66,2011
202,The Glencoe March,6235,66,2012
202,The Ass In The Graveyard,7539,66,2013
202,Jutland,8582,66,2014
202,Down By The Sally Gardens,13270,66,2015
202,The Cat And The Dog,9522,65,2016
202,Father John MacMillan Of Barra,9659,65,2017
202,Crooked Still,10129,65,2018
202,Easter Snow,10319,65,2019
203,Cora’s Tune,10429,65,2020
203,The Mouseskin Shoe,813,65,2021
203,The Spirits Of Wine,951,65,2022
203,Barrack Hill,1014,65,2023
203,The Sporting Days Of Easter,1440,65,2024
203,Tombigbee,1630,65,2025
203,The Wishing Well,1642,65,2026
203,Athol Brose,1919,65,2027
203,The Fairhaired Boy,2248,65,2028
203,The Cedars Of Lebanon,2268,65,2029
204,Dan Sullivan’s Shamrock Swing Band,2419,65,2030
204,Ril Du Forgeron,2427,65,2031
204,An Grianan,2554,65,2032
204,The Stronsay,2604,65,2033
204,Over The Moor To Peggy,2689,65,2034
204,Emma,6030,65,2035
204,Maple Sugar,6924,65,2036
204,The Conspiracy,7061,65,2037
204,John Brady’s,8028,65,2038
204,The Pitnacree Ferryman,8439,65,2039
205,Night In That Land,8792,65,2040
205,James O’Byrne’s,2845,65,2041
205,John Feehily’s,2899,65,2042
205,Father Tom’s Wager,2956,65,2043
205,Jack Coughlan’s Fancy,2959,65,2044
205,The Periwig,3162,65,2045
205,Paddy Kelly’s,3221,65,2046
205,The Dance Of The Honeybees,3271,65,2047
205,The Land Of Sunshine,3808,65,2048
205,Kate Martin’s,3857,65,2049
206,The New Land,3912,65,2050
206,Phil Cunningham’s,4306,65,2051
206,Murphy’s Hound,4318,65,2052
206,Eileen O’Riordan’s,4375,65,2053
206,An Sean Duine,5647,65,2054
206,The Smell Of The Bog,5905,65,2055
206,Ryan’s Rant,2872,64,2056
206,Morfa’r Frenhines,2910,64,2057
206,My Maryanne,2912,64,2058
206,The Fairhaired Boy,3119,64,2059
207,The Absent Fiddler,3345,64,2060
207,Le 24 Juin,3358,64,2061
207,My Former Wife,3418,64,2062
207,The Winster Gallop,3570,64,2063
207,The Factory Girl,3941,64,2064
207,Wee Michael’s March,4301,64,2065
207,The Winding Road,4474,64,2066
207,Terry ‘Cuz’ Teahan’s,4574,64,2067
207,The Black Frog,5370,64,2068
207,The Forth Bridge,5628,64,2069
208,Moran’s Return,5880,64,2070
208,From The New World,9249,64,2071
208,Goldies,10193,64,2072
208,The Killimor,6135,64,2073
208,The Gallopede,7205,64,2074
208,The Princess Royal,7267,64,2075
208,The Wise Maid,7335,64,2076
208,Homage A Edmond Parizeau,7346,64,2077
208,The Fisherman In The Wardrobe,7355,64,2078
208,A Whisky Kiss,7402,64,2079
209,Valley Of The Moon,8257,64,2080
209,The Clare Shout,8281,64,2081
209,Bold Doherty,8344,64,2082
209,Mrs. Kinney’s,480,64,2083
209,The Flavor Of The Month,1034,64,2084
209,The Flowers Of Brooklyn,1417,64,2085
209,The Old Pigeon On The Gate,1596,64,2086
209,Smash The Windows,2149,64,2087
209,John Watt Henry’s,2209,64,2088
209,"Over The Moor, Among The Heather",2489,64,2089
210,Cranking Out,2520,64,2090
210,Many A Wild Night,2669,64,2091
210,Wild Swans At Coole,295,63,2092
210,Paddy Canny’s Toast,541,63,2093
210,The Fairy Queen,630,63,2094
210,Father Newman’s,1246,63,2095
210,Paddy Mills’ Fancy,1684,63,2096
210,Rattlin’ Roarin’ Willie,1757,63,2097
210,Jimmy Duffy’s,1920,63,2098
210,The Clog,2359,63,2099
211,Anything For John Joe,2425,63,2100
211,The Price Of My Pig,2680,63,2101
211,I Have A Bonnet Trimmed With Blue,3022,63,2102
211,Farewell To Leitrim,3211,63,2103
211,The Blackwater,3228,63,2104
211,The Boys Of Lough Gowna,3377,63,2105
211,The Blue-Eyed Rascal,3541,63,2106
211,The Bonnie Isle O’ Whalsey,3583,63,2107
211,My Home,3585,63,2108
211,The One-Horned Sheep,3644,63,2109
212,Reel De Gaspé,3767,63,2110
212,The Market Town,3772,63,2111
212,The Magic Slipper,4021,63,2112
212,Paddy Fahey’s,4273,63,2113
212,The Wind Off The Lake,4282,63,2114
212,The Pigeon On The Gate,4312,63,2115
212,Fly And Dodger,5325,63,2116
212,The Japanese,5616,63,2117
212,The Raven’s Wing,6329,63,2118
212,Sliabh Na MBan,7595,63,2119
213,John Keith Lang,7599,63,2120
213,The Whinny Hills Of Leitrim,8976,63,2121
213,Cape Clear,9688,62,2122
213,The Blackberry Blossom,10176,62,2123
213,Heart Shaped Wood,10466,62,2124
213,Glencolmcille,420,62,2125
213,Pierre’s Right Arm,1079,62,2126
213,Repeal The Poll Tax,1184,62,2127
213,The Red Box,1386,62,2128
213,Paddy Be Easy,1506,62,2129
214,Michael Hynes’s,1795,62,2130
214,The Tinker’s Stick,1881,62,2131
214,The Three Scones Of Boxty,2195,62,2132
214,My Kindly Sweetheart,2296,62,2133
214,Sean Ryan’s,6289,62,2134
214,The Pearl,6417,62,2135
214,The Clumsy Lover Jig,6632,62,2136
214,"If You Will Not Have Me, You May Let Me Go",7431,62,2137
214,Paddy’s Green Shamrock Shore,8418,62,2138
214,The Trip To Ireland,8462,62,2139
215,The Road To Monalea,2878,62,2140
215,Out With The Boys,2995,62,2141
215,The Controversial,3131,62,2142
215,Johnny From Gandsey,3281,62,2143
215,The Oyster Girl,3319,62,2144
215,Durham Rangers,3376,62,2145
215,I’m Waiting For You,3615,62,2146
215,Miss McDonald,3779,62,2147
215,Liz Kelly’s,4176,62,2148
215,Bennachie Sunrise,4544,62,2149
216,Parnell’s March,5654,62,2150
216,Welcome To The Trossachs,2901,61,2151
216,Djinovsko Horo,2983,61,2152
216,Scully Casey’s,4139,61,2153
216,Stella’s Trip To Kamloops,5137,61,2154
216,The Rose Of Tralee,5361,61,2155
216,Millbrae,5388,61,2156
216,The Beautiful Goldfinch,5684,61,2157
216,The Hop,5748,61,2158
216,The Duke Of Fife’s Welcome To Deeside,9568,61,2159
